BMI	SNP1	SNP2	SNP3	SNP4	SNP5	SNP6	SNP7
35.25	N	N	N	Y	Y	Y	Y
31.91	N	N	Y	N	Y	N	Y
23.46	Y	N	N	N	Y	Y	N
23.64	N	N	N	N	N	Y	Y
36.61	N	N	N	N	N	Y	Y
30.51	Y	N	N	N	N	N	Y
41.28	N	N	Y	Y	Y	Y	Y
23.22	N	N	Y	Y	N	Y	N
18.82	N	Y	N	N	Y	Y	Y
25.58	N	N	N	Y	N	N	N
20.23	Y	N	N	N	N	N	Y
26.39	Y	Y	Y	N	N	Y	N
25.9	Y	N	Y	N	N	N	N
21.21	Y	N	N	N	Y	N	N
27.3	N	Y	N	N	Y	Y	N
21.77	Y	Y	N	N	Y	Y	N
24.93	N	Y	N	N	N	Y	Y
30.65	Y	N	N	N	N	Y	Y
19.96	Y	N	Y	N	N	Y	N
25.83	N	Y	Y	Y	Y	Y	N
23.09	Y	N	N	N	N	Y	N
24.23	Y	Y	Y	N	N	N	N
25.47	Y	Y	Y	N	Y	Y	Y
35.73	Y	N	N	Y	N	Y	Y
20.61	Y	Y	Y	N	N	N	N
21.08	N	N	Y	N	Y	N	N
21.15	Y	Y	N	Y	Y	Y	Y
26.58	Y	Y	Y	N	N	Y	N
25.81	N	N	N	N	N	Y	N
35.35	N	Y	Y	N	Y	N	Y
35.08	Y	N	Y	N	N	Y	N
20.54	N	N	Y	N	N	Y	Y
25.07	N	N	N	N	N	Y	N
23.28	N	N	Y	N	N	Y	N
23.81	N	N	N	N	N	N	Y
20.78	N	Y	N	N	N	Y	N
25.16	N	Y	Y	N	N	Y	Y
21.03	N	Y	Y	N	Y	Y	Y
46.66	N	N	N	N	N	N	Y
28.51	N	Y	Y	N	N	Y	Y
28.25	N	N	Y	N	N	N	Y
25.6	N	Y	N	N	N	Y	N
23.58	Y	N	N	N	Y	N	N
22.82	N	Y	N	N	Y	Y	N
23.6	Y	Y	N	N	N	Y	Y
20.03	N	N	N	Y	N	N	N
32.27	Y	N	N	N	Y	N	Y
25.39	Y	N	N	N	N	N	N
18.98	N	N	N	N	N	Y	N
25.24	Y	N	N	N	N	Y	N
23.69	N	Y	N	N	N	Y	Y
33.04	N	N	N	N	N	Y	Y
27.81	N	N	N	N	N	Y	Y
21.79	N	N	Y	N	Y	N	Y
20.49	N	N	N	N	Y	Y	Y
23.26	Y	N	N	N	N	N	Y
37.84	Y	N	N	N	N	Y	Y
24.78	N	N	N	N	N	N	N
22.54	N	N	Y	N	Y	Y	Y
22.51	Y	N	N	N	N	Y	N
33.74	Y	Y	N	Y	N	Y	Y
32.27	N	N	N	N	N	N	Y
23.91	N	Y	N	Y	N	N	N
30.74	Y	N	Y	N	Y	Y	Y
25	Y	Y	Y	N	N	Y	N
31.37	N	N	N	N	Y	Y	Y
21.9	N	Y	Y	N	N	N	N
20.18	Y	Y	N	Y	N	Y	N
19.93	N	Y	N	Y	N	N	N
22.04	N	Y	N	N	Y	Y	N
28.05	Y	N	N	Y	N	N	N
43.22	N	Y	N	N	N	N	Y
24.88	N	N	N	N	Y	Y	N
25.03	N	Y	Y	N	N	Y	Y
41.31	N	N	Y	N	Y	Y	N
23.26	Y	Y	N	N	N	Y	Y
23.89	Y	Y	N	N	N	N	N
18.65	Y	Y	N	N	N	Y	N
21.23	Y	Y	Y	Y	N	Y	Y